Date;Type;HomeTeam;HomePTS;AwayTeam;AwayPTS
17/10/2017;Regular;CLE;102;BOS;99
17/10/2017;Regular;GSW;121;HOU;122
18/10/2017;Regular;DET;102;CHO;90
18/10/2017;Regular;IND;140;BRK;131
18/10/2017;Regular;ORL;116;MIA;109
18/10/2017;Regular;WAS;120;PHI;115
18/10/2017;Regular;BOS;100;MIL;108
18/10/2017;Regular;MEM;103;NOP;91
18/10/2017;Regular;DAL;111;ATL;117
18/10/2017;Regular;UTA;106;DEN;96
18/10/2017;Regular;SAS;107;MIN;99
18/10/2017;Regular;PHO;76;POR;124
18/10/2017;Regular;SAC;100;HOU;105
19/10/2017;Regular;TOR;117;CHI;100
19/10/2017;Regular;OKC;105;NYK;84
19/10/2017;Regular;LAL;92;LAC;108
20/10/2017;Regular;CHO;109;ATL;91
20/10/2017;Regular;IND;96;POR;114
20/10/2017;Regular;MIL;97;CLE;116
20/10/2017;Regular;PHI;92;BOS;102
20/10/2017;Regular;WAS;115;DET;111
20/10/2017;Regular;BRK;126;ORL;121
20/10/2017;Regular;MIN;100;UTA;97
20/10/2017;Regular;DAL;88;SAC;93
20/10/2017;Regular;NOP;120;GSW;128
20/10/2017;Regular;PHO;130;LAL;132
21/10/2017;Regular;TOR;128;PHI;94
21/10/2017;Regular;CHI;77;SAS;87
21/10/2017;Regular;CLE;93;ORL;114
21/10/2017;Regular;HOU;107;DAL;91
21/10/2017;Regular;MEM;111;GSW;101
21/10/2017;Regular;MIA;112;IND;108
21/10/2017;Regular;NYK;107;DET;111
21/10/2017;Regular;MIL;113;POR;110
21/10/2017;Regular;DEN;96;SAC;79
21/10/2017;Regular;UTA;96;OKC;87
21/10/2017;Regular;LAC;130;PHO;88
22/10/2017;Regular;BRK;116;ATL;104
22/10/2017;Regular;OKC;113;MIN;115
22/10/2017;Regular;LAL;112;NOP;119
23/10/2017;Regular;DET;86;PHI;97
23/10/2017;Regular;MIA;104;ATL;93
23/10/2017;Regular;HOU;90;MEM;98
23/10/2017;Regular;MIL;103;CHO;94
23/10/2017;Regular;DAL;103;GSW;133
23/10/2017;Regular;SAS;101;TOR;97
23/10/2017;Regular;DEN;104;WAS;109
23/10/2017;Regular;PHO;117;SAC;115
24/10/2017;Regular;CLE;119;CHI;112
24/10/2017;Regular;ORL;125;BRK;121
24/10/2017;Regular;BOS;110;NYK;89
24/10/2017;Regular;MIN;107;IND;130
24/10/2017;Regular;POR;103;NOP;93
24/10/2017;Regular;LAC;102;UTA;84
25/10/2017;Regular;CHO;110;DEN;93
25/10/2017;Regular;DET;122;MIN;101
25/10/2017;Regular;PHI;104;HOU;105
25/10/2017;Regular;BRK;112;CLE;107
25/10/2017;Regular;MIA;100;SAS;117
25/10/2017;Regular;OKC;114;IND;96
25/10/2017;Regular;DAL;103;MEM;94
25/10/2017;Regular;PHO;97;UTA;88
25/10/2017;Regular;GSW;117;TOR;112
25/10/2017;Regular;LAL;102;WAS;99
26/10/2017;Regular;CHI;91;ATL;86
26/10/2017;Regular;MEM;96;DAL;91
26/10/2017;Regular;MIL;89;BOS;96
26/10/2017;Regular;POR;103;LAC;104
26/10/2017;Regular;SAC;106;NOP;114
27/10/2017;Regular;CHO;93;HOU;109
27/10/2017;Regular;ORL;114;SAS;87
27/10/2017;Regular;ATL;100;DEN;105
27/10/2017;Regular;NYK;107;BRK;86
27/10/2017;Regular;MIN;119;OKC;116
27/10/2017;Regular;GSW;120;WAS;117
27/10/2017;Regular;LAL;92;TOR;101
28/10/2017;Regular;NOP;123;CLE;101
28/10/2017;Regular;CHI;69;OKC;101
28/10/2017;Regular;MEM;103;HOU;89
28/10/2017;Regular;MIA;90;BOS;96
28/10/2017;Regular;DAL;110;PHI;112
28/10/2017;Regular;UTA;96;LAL;81
28/10/2017;Regular;POR;114;PHO;107
28/10/2017;Regular;LAC;87;DET;95
29/10/2017;Regular;ATL;106;MIL;117
29/10/2017;Regular;IND;97;SAS;94
29/10/2017;Regular;BRK;111;DEN;124
29/10/2017;Regular;CHO;120;ORL;113
29/10/2017;Regular;SAC;83;WAS;110
29/10/2017;Regular;CLE;95;NYK;114
29/10/2017;Regular;GSW;107;DET;115
30/10/2017;Regular;BOS;108;SAS;94
30/10/2017;Regular;MIA;122;MIN;125
30/10/2017;Regular;NYK;116;DEN;110
30/10/2017;Regular;HOU;107;PHI;115
30/10/2017;Regular;MEM;99;CHO;104
30/10/2017;Regular;NOP;99;ORL;115
30/10/2017;Regular;UTA;104;DAL;89
30/10/2017;Regular;POR;85;TOR;99
30/10/2017;Regular;LAC;113;GSW;141
31/10/2017;Regular;IND;101;SAC;83
31/10/2017;Regular;BRK;114;PHO;122
31/10/2017;Regular;MIL;91;OKC;110
31/10/2017;Regular;LAL;113;DET;93
01/11/2017;Regular;CHO;126;MIL;121
01/11/2017;Regular;CLE;107;IND;124
01/11/2017;Regular;PHI;119;ATL;109
01/11/2017;Regular;WAS;116;PHO;122
01/11/2017;Regular;BOS;113;SAC;86
01/11/2017;Regular;MIA;97;CHI;91
01/11/2017;Regular;MEM;99;ORL;101
01/11/2017;Regular;NOP;98;MIN;104
01/11/2017;Regular;NYK;97;HOU;119
01/11/2017;Regular;DEN;129;TOR;111
01/11/2017;Regular;UTA;112;POR;103
01/11/2017;Regular;LAC;119;DAL;98
02/11/2017;Regular;SAS;92;GSW;112
02/11/2017;Regular;POR;113;LAL;110
03/11/2017;Regular;DET;105;MIL;96
03/11/2017;Regular;ORL;83;CHI;105
03/11/2017;Regular;PHI;121;IND;110
03/11/2017;Regular;WAS;122;CLE;130
03/11/2017;Regular;ATL;104;HOU;119
03/11/2017;Regular;NYK;120;PHO;107
03/11/2017;Regular;DAL;94;NOP;99
03/11/2017;Regular;SAS;108;CHO;101
03/11/2017;Regular;DEN;95;MIA;94
03/11/2017;Regular;UTA;100;TOR;109
03/11/2017;Regular;OKC;94;BOS;101
03/11/2017;Regular;LAL;124;BRK;112
04/11/2017;Regular;LAC;104;MEM;113
04/11/2017;Regular;DET;108;SAC;99
04/11/2017;Regular;CHI;90;NOP;96
04/11/2017;Regular;MIN;112;DAL;99
04/11/2017;Regular;DEN;108;GSW;127
05/11/2017;Regular;CLE;115;ATL;117
05/11/2017;Regular;LAC;101;MIA;104
05/11/2017;Regular;ORL;88;BOS;104
05/11/2017;Regular;TOR;96;WAS;107
05/11/2017;Regular;HOU;137;UTA;110
05/11/2017;Regular;SAS;112;PHO;95
05/11/2017;Regular;NYK;108;IND;101
05/11/2017;Regular;MIN;112;CHO;94
05/11/2017;Regular;POR;103;OKC;99
05/11/2017;Regular;LAL;107;MEM;102
06/11/2017;Regular;ATL;107;BOS;110
06/11/2017;Regular;PHO;92;BRK;98
06/11/2017;Regular;GSW;97;MIA;80
07/11/2017;Regular;CLE;124;MIL;119
07/11/2017;Regular;IND;112;NOP;117
07/11/2017;Regular;WAS;99;DAL;113
07/11/2017;Regular;NYK;118;CHO;113
07/11/2017;Regular;TOR;119;CHI;114
07/11/2017;Regular;SAS;120;LAC;107
07/11/2017;Regular;DEN;112;BRK;104
07/11/2017;Regular;UTA;97;PHI;104
07/11/2017;Regular;POR;97;MEM;98
07/11/2017;Regular;SAC;94;OKC;86
08/11/2017;Regular;DET;114;IND;97
08/11/2017;Regular;ORL;112;NYK;99
08/11/2017;Regular;BOS;107;LAL;96
08/11/2017;Regular;PHO;115;MIA;126
08/11/2017;Regular;GSW;125;MIN;101
09/11/2017;Regular;WAS;111;LAL;95
09/11/2017;Regular;TOR;122;NOP;118
09/11/2017;Regular;HOU;117;CLE;113
09/11/2017;Regular;SAC;109;PHI;108
09/11/2017;Regular;DEN;102;OKC;94
10/11/2017;Regular;DET;111;ATL;104
10/11/2017;Regular;BOS;90;CHO;87
10/11/2017;Regular;CHI;87;IND;105
10/11/2017;Regular;OKC;120;LAC;111
10/11/2017;Regular;PHO;112;ORL;128
10/11/2017;Regular;SAS;87;MIL;94
10/11/2017;Regular;UTA;74;MIA;84
10/11/2017;Regular;POR;97;BRK;101
11/11/2017;Regular;NOP;111;LAC;103
11/11/2017;Regular;WAS;113;ATL;94
11/11/2017;Regular;HOU;111;MEM;96
11/11/2017;Regular;NYK;118;SAC;91
11/11/2017;Regular;DAL;104;CLE;111
11/11/2017;Regular;GSW;135;PHI;114
11/11/2017;Regular;MIL;98;LAL;90
11/11/2017;Regular;SAS;133;CHI;94
11/11/2017;Regular;DEN;125;ORL;107
11/11/2017;Regular;PHO;118;MIN;110
11/11/2017;Regular;UTA;114;BRK;106
12/11/2017;Regular;BOS;95;TOR;94
12/11/2017;Regular;DET;112;MIA;103
12/11/2017;Regular;IND;95;HOU;118
12/11/2017;Regular;OKC;112;DAL;99
13/11/2017;Regular;WAS;110;SAC;92
13/11/2017;Regular;NYK;101;CLE;104
13/11/2017;Regular;MIL;110;MEM;103
13/11/2017;Regular;NOP;106;ATL;105
13/11/2017;Regular;PHO;93;LAL;100
13/11/2017;Regular;UTA;98;MIN;109
13/11/2017;Regular;POR;99;DEN;82
13/11/2017;Regular;GSW;110;ORL;100
13/11/2017;Regular;LAC;105;PHI;109
14/11/2017;Regular;BRK;102;BOS;109
14/11/2017;Regular;HOU;113;TOR;129
14/11/2017;Regular;DAL;91;SAS;97
15/11/2017;Regular;ATL;126;SAC;80
15/11/2017;Regular;MIA;93;WAS;102
15/11/2017;Regular;NYK;106;UTA;101
15/11/2017;Regular;CHO;107;CLE;115
15/11/2017;Regular;MEM;113;IND;116
15/11/2017;Regular;MIL;99;DET;95
15/11/2017;Regular;MIN;98;SAS;86
15/11/2017;Regular;NOP;116;TOR;125
15/11/2017;Regular;OKC;92;CHI;79
15/11/2017;Regular;POR;99;ORL;94
15/11/2017;Regular;LAL;109;PHI;115
16/11/2017;Regular;BOS;92;GSW;88
16/11/2017;Regular;PHO;116;HOU;142
17/11/2017;Regular;IND;107;DET;100
17/11/2017;Regular;WAS;88;MIA;91
17/11/2017;Regular;BRK;118;UTA;107
17/11/2017;Regular;CLE;118;LAC;113
17/11/2017;Regular;TOR;107;NYK;84
17/11/2017;Regular;CHI;123;CHO;120
17/11/2017;Regular;SAS;104;OKC;101
17/11/2017;Regular;DAL;87;MIN;111
17/11/2017;Regular;SAC;86;POR;82
17/11/2017;Regular;DEN;146;NOP;114
17/11/2017;Regular;LAL;113;PHO;122
18/11/2017;Regular;CHO;102;LAC;87
18/11/2017;Regular;ORL;85;UTA;125
18/11/2017;Regular;ATL;99;BOS;110
18/11/2017;Regular;PHI;116;GSW;124
18/11/2017;Regular;MEM;83;HOU;105
18/11/2017;Regular;DAL;111;MIL;79
18/11/2017;Regular;POR;102;SAC;90
19/11/2017;Regular;TOR;100;WAS;91
19/11/2017;Regular;MIA;95;IND;120
19/11/2017;Regular;BRK;111;GSW;118
19/11/2017;Regular;MIN;97;DET;100
19/11/2017;Regular;PHO;113;CHI;105
19/11/2017;Regular;LAL;127;DEN;109
20/11/2017;Regular;CHO;118;MIN;102
20/11/2017;Regular;DET;88;CLE;116
20/11/2017;Regular;ORL;97;IND;105
20/11/2017;Regular;PHI;107;UTA;86
20/11/2017;Regular;NYK;107;LAC;85
20/11/2017;Regular;MEM;92;POR;100
20/11/2017;Regular;MIL;88;WAS;99
20/11/2017;Regular;NOP;114;OKC;107
20/11/2017;Regular;DAL;102;BOS;110
20/11/2017;Regular;SAS;96;ATL;85
20/11/2017;Regular;SAC;98;DEN;114
21/11/2017;Regular;LAL;103;CHI;94
22/11/2017;Regular;CHO;129;WAS;124
22/11/2017;Regular;CLE;119;BRK;109
22/11/2017;Regular;PHI;101;POR;81
22/11/2017;Regular;ATL;103;LAC;116
22/11/2017;Regular;MIA;104;BOS;98
22/11/2017;Regular;NYK;108;TOR;100
22/11/2017;Regular;HOU;125;DEN;95
22/11/2017;Regular;MEM;94;DAL;95
22/11/2017;Regular;MIN;124;ORL;118
22/11/2017;Regular;NOP;107;SAS;90
22/11/2017;Regular;OKC;108;GSW;91
22/11/2017;Regular;PHO;107;MIL;113
22/11/2017;Regular;UTA;110;CHI;80
22/11/2017;Regular;SAC;113;LAL;102
24/11/2017;Regular;BRK;125;POR;127
24/11/2017;Regular;ATL;116;NYK;104
24/11/2017;Regular;BOS;118;ORL;103
24/11/2017;Regular;CLE;100;CHO;99
24/11/2017;Regular;IND;107;TOR;104
24/11/2017;Regular;MIN;97;MIA;109
24/11/2017;Regular;OKC;98;DET;99
24/11/2017;Regular;DEN;104;MEM;92
24/11/2017;Regular;PHO;91;NOP;115
24/11/2017;Regular;GSW;143;CHI;94
25/11/2017;Regular;CHO;86;SAS;106
25/11/2017;Regular;PHI;130;ORL;111
25/11/2017;Regular;WAS;105;POR;108
25/11/2017;Regular;ATL;78;TOR;112
25/11/2017;Regular;HOU;117;NYK;102
25/11/2017;Regular;IND;98;BOS;108
25/11/2017;Regular;DAL;97;OKC;81
25/11/2017;Regular;GSW;110;NOP;95
25/11/2017;Regular;UTA;121;MIL;108
25/11/2017;Regular;SAC;95;LAC;97
26/11/2017;Regular;CHI;93;MIA;100
26/11/2017;Regular;MIN;119;PHO;108
26/11/2017;Regular;MEM;88;BRK;98
27/11/2017;Regular;IND;121;ORL;109
27/11/2017;Regular;PHI;91;CLE;113
27/11/2017;Regular;BOS;108;DET;118
27/11/2017;Regular;NYK;91;POR;103
27/11/2017;Regular;HOU;117;BRK;103
27/11/2017;Regular;SAS;115;DAL;108
27/11/2017;Regular;GSW;106;SAC;110
27/11/2017;Regular;LAC;120;LAL;115
28/11/2017;Regular;CLE;108;MIA;97
28/11/2017;Regular;CHI;99;PHO;104
28/11/2017;Regular;MIN;89;WAS;92
28/11/2017;Regular;SAC;87;MIL;112
28/11/2017;Regular;UTA;106;DEN;77
29/11/2017;Regular;DET;131;PHO;107
29/11/2017;Regular;ORL;121;OKC;108
29/11/2017;Regular;PHI;118;WAS;113
29/11/2017;Regular;NYK;115;MIA;86
29/11/2017;Regular;TOR;126;CHO;113
29/11/2017;Regular;HOU;118;IND;97
29/11/2017;Regular;NOP;102;MIN;120
29/11/2017;Regular;DAL;104;BRK;109
29/11/2017;Regular;SAS;104;MEM;95
29/11/2017;Regular;LAL;123;GSW;127
30/11/2017;Regular;ATL;114;CLE;121
30/11/2017;Regular;BOS;108;PHI;97
30/11/2017;Regular;DEN;111;CHI;110
30/11/2017;Regular;POR;91;MIL;103
30/11/2017;Regular;LAC;107;UTA;126
01/12/2017;Regular;ORL;112;GSW;133
01/12/2017;Regular;WAS;109;DET;91
01/12/2017;Regular;TOR;120;IND;115
01/12/2017;Regular;CHI;106;SAC;107
01/12/2017;Regular;MEM;79;SAS;95
01/12/2017;Regular;MIA;105;CHO;100
01/12/2017;Regular;OKC;111;MIN;107
01/12/2017;Regular;UTA;114;NOP;108
02/12/2017;Regular;BOS;116;PHO;111
02/12/2017;Regular;DAL;108;LAC;82
02/12/2017;Regular;BRK;102;ATL;114
02/12/2017;Regular;CLE;116;MEM;111
02/12/2017;Regular;PHI;108;DET;103
02/12/2017;Regular;MIL;109;SAC;104
02/12/2017;Regular;DEN;115;LAL;100
02/12/2017;Regular;POR;116;NOP;123
03/12/2017;Regular;NYK;100;ORL;105
03/12/2017;Regular;MIA;95;GSW;123
03/12/2017;Regular;MIN;112;LAC;106
03/12/2017;Regular;OKC;90;SAS;87
03/12/2017;Regular;LAL;95;HOU;118
04/12/2017;Regular;CHO;104;ORL;94
04/12/2017;Regular;IND;115;NYK;97
04/12/2017;Regular;PHI;101;PHO;115
04/12/2017;Regular;ATL;90;BRK;110
04/12/2017;Regular;BOS;111;MIL;100
04/12/2017;Regular;CHI;91;CLE;113
04/12/2017;Regular;MEM;95;MIN;92
04/12/2017;Regular;NOP;115;GSW;125
04/12/2017;Regular;DAL;122;DEN;105
04/12/2017;Regular;SAS;96;DET;93
04/12/2017;Regular;UTA;116;WAS;69
05/12/2017;Regular;TOR;126;PHO;113
05/12/2017;Regular;OKC;100;UTA;94
05/12/2017;Regular;POR;92;WAS;106
06/12/2017;Regular;CLE;101;SAC;95
06/12/2017;Regular;IND;98;CHI;96
06/12/2017;Regular;ORL;110;ATL;106
06/12/2017;Regular;BOS;97;DAL;90
06/12/2017;Regular;NYK;99;MEM;88
06/12/2017;Regular;CHO;87;GSW;101
06/12/2017;Regular;MIL;104;DET;100
06/12/2017;Regular;NOP;123;DEN;114
06/12/2017;Regular;SAS;117;MIA;105
06/12/2017;Regular;LAC;107;MIN;113
07/12/2017;Regular;PHI;104;LAL;107
07/12/2017;Regular;PHO;99;WAS;109
07/12/2017;Regular;BRK;100;OKC;95
07/12/2017;Regular;UTA;101;HOU;112
08/12/2017;Regular;CHO;111;CHI;119
08/12/2017;Regular;DET;98;GSW;102
08/12/2017;Regular;IND;106;CLE;102
08/12/2017;Regular;ORL;89;DEN;103
08/12/2017;Regular;MEM;107;TOR;116
08/12/2017;Regular;MIL;109;DAL;102
08/12/2017;Regular;NOP;109;SAC;116
08/12/2017;Regular;SAS;105;BOS;102
09/12/2017;Regular;LAC;113;WAS;112
09/12/2017;Regular;BRK;89;MIA;101
09/12/2017;Regular;CHO;99;LAL;110
09/12/2017;Regular;ATL;117;ORL;110
09/12/2017;Regular;CHI;104;NYK;102
09/12/2017;Regular;CLE;105;PHI;98
09/12/2017;Regular;MIL;117;UTA;100
09/12/2017;Regular;MEM;101;OKC;102
09/12/2017;Regular;PHO;101;SAS;104
09/12/2017;Regular;POR;117;HOU;124
10/12/2017;Regular;SAC;87;TOR;102
10/12/2017;Regular;DET;81;BOS;91
10/12/2017;Regular;IND;126;DEN;116
10/12/2017;Regular;MIN;97;DAL;92
10/12/2017;Regular;NOP;131;PHI;124
10/12/2017;Regular;NYK;111;ATL;107
11/12/2017;Regular;CHI;108;BOS;85
11/12/2017;Regular;HOU;130;NOP;123
11/12/2017;Regular;MEM;82;MIA;107
11/12/2017;Regular;OKC;103;CHO;116
11/12/2017;Regular;GSW;111;POR;104
11/12/2017;Regular;LAC;96;TOR;91
12/12/2017;Regular;CLE;123;ATL;114
12/12/2017;Regular;DET;84;DEN;103
12/12/2017;Regular;NYK;113;LAL;109
12/12/2017;Regular;BRK;103;WAS;98
12/12/2017;Regular;DAL;95;SAS;89
12/12/2017;Regular;MIN;112;PHI;118
12/12/2017;Regular;SAC;99;PHO;92
13/12/2017;Regular;IND;95;OKC;100
13/12/2017;Regular;ORL;95;LAC;106
13/12/2017;Regular;WAS;93;MEM;87
13/12/2017;Regular;BOS;124;DEN;118
13/12/2017;Regular;MIA;95;POR;102
13/12/2017;Regular;CHI;103;UTA;100
13/12/2017;Regular;NOP;115;MIL;108
13/12/2017;Regular;PHO;109;TOR;115
13/12/2017;Regular;HOU;108;CHO;96
14/12/2017;Regular;ATL;91;DET;105
14/12/2017;Regular;BRK;104;NYK;111
14/12/2017;Regular;CLE;121;LAL;112
14/12/2017;Regular;MIN;119;SAC;96
14/12/2017;Regular;GSW;112;DAL;97
15/12/2017;Regular;CHO;98;MIA;104
15/12/2017;Regular;IND;98;DET;104
15/12/2017;Regular;ORL;88;POR;95
15/12/2017;Regular;PHI;117;OKC;119
15/12/2017;Regular;WAS;100;LAC;91
15/12/2017;Regular;BOS;95;UTA;107
15/12/2017;Regular;TOR;120;BRK;87
15/12/2017;Regular;MEM;96;ATL;94
15/12/2017;Regular;MIL;109;CHI;115
15/12/2017;Regular;DEN;117;NOP;111
15/12/2017;Regular;HOU;124;SAS;109
16/12/2017;Regular;CHO;91;POR;93
16/12/2017;Regular;CLE;109;UTA;100
16/12/2017;Regular;NYK;111;OKC;96
16/12/2017;Regular;HOU;115;MIL;111
16/12/2017;Regular;MIA;90;LAC;85
16/12/2017;Regular;MIN;106;PHO;108
16/12/2017;Regular;SAS;98;DAL;96
16/12/2017;Regular;MEM;93;BOS;102
17/12/2017;Regular;TOR;108;SAC;93
17/12/2017;Regular;DET;114;ORL;110
17/12/2017;Regular;BRK;97;IND;109
17/12/2017;Regular;WAS;99;CLE;106
18/12/2017;Regular;CHO;109;NYK;91
18/12/2017;Regular;IND;111;BOS;112
18/12/2017;Regular;ATL;110;MIA;104
18/12/2017;Regular;CHI;117;PHI;115
18/12/2017;Regular;HOU;120;UTA;99
18/12/2017;Regular;MIN;108;POR;107
18/12/2017;Regular;OKC;95;DEN;94
18/12/2017;Regular;DAL;91;PHO;97
18/12/2017;Regular;SAS;109;LAC;91
18/12/2017;Regular;LAL;114;GSW;116
19/12/2017;Regular;PHI;95;SAC;101
19/12/2017;Regular;WAS;116;NOP;106
19/12/2017;Regular;MIL;119;CLE;116
20/12/2017;Regular;CHO;111;TOR;129
20/12/2017;Regular;ATL;95;IND;105
20/12/2017;Regular;BOS;89;MIA;90
20/12/2017;Regular;BRK;99;SAC;104
20/12/2017;Regular;CHI;112;ORL;94
20/12/2017;Regular;HOU;116;LAL;122
20/12/2017;Regular;OKC;107;UTA;79
20/12/2017;Regular;DAL;110;DET;93
20/12/2017;Regular;DEN;104;MIN;112
20/12/2017;Regular;POR;91;SAS;93
20/12/2017;Regular;GSW;97;MEM;84
20/12/2017;Regular;LAC;108;PHO;95
21/12/2017;Regular;CLE;115;CHI;112
21/12/2017;Regular;PHI;109;TOR;114
21/12/2017;Regular;NYK;102;BOS;93
21/12/2017;Regular;PHO;97;MEM;95
21/12/2017;Regular;UTA;100;SAS;89
22/12/2017;Regular;DET;104;NYK;101
22/12/2017;Regular;ORL;97;NOP;111
22/12/2017;Regular;BRK;119;WAS;84
22/12/2017;Regular;HOU;118;LAC;128
22/12/2017;Regular;MIA;113;DAL;101
22/12/2017;Regular;MIL;109;CHO;104
22/12/2017;Regular;OKC;120;ATL;117
22/12/2017;Regular;POR;85;DEN;102
22/12/2017;Regular;GSW;113;LAL;106
23/12/2017;Regular;TOR;102;PHI;86
23/12/2017;Regular;CHO;111;MIL;106
23/12/2017;Regular;IND;123;BRK;119
23/12/2017;Regular;WAS;130;ORL;103
23/12/2017;Regular;ATL;112;DAL;107
23/12/2017;Regular;BOS;117;CHI;92
23/12/2017;Regular;MEM;115;LAC;112
23/12/2017;Regular;MIA;94;NOP;109
23/12/2017;Regular;UTA;89;OKC;103
23/12/2017;Regular;GSW;81;DEN;96
23/12/2017;Regular;PHO;106;MIN;115
23/12/2017;Regular;LAL;92;POR;95
23/12/2017;Regular;SAC;99;SAS;108
25/12/2017;Regular;NYK;98;PHI;105
25/12/2017;Regular;GSW;99;CLE;92
25/12/2017;Regular;BOS;103;WAS;111
25/12/2017;Regular;OKC;112;HOU;107
25/12/2017;Regular;LAL;104;MIN;121
26/12/2017;Regular;DAL;98;TOR;93
26/12/2017;Regular;DET;107;IND;83
26/12/2017;Regular;MIA;107;ORL;89
26/12/2017;Regular;MIL;106;CHI;115
26/12/2017;Regular;SAS;109;BRK;97
26/12/2017;Regular;DEN;107;UTA;83
26/12/2017;Regular;PHO;99;MEM;97
26/12/2017;Regular;LAC;122;SAC;95
27/12/2017;Regular;CHO;91;BOS;102
27/12/2017;Regular;IND;94;DAL;98
27/12/2017;Regular;ATL;113;WAS;99
27/12/2017;Regular;CHI;92;NYK;87
27/12/2017;Regular;MIN;128;DEN;125
27/12/2017;Regular;NOP;128;BRK;113
27/12/2017;Regular;OKC;124;TOR;107
27/12/2017;Regular;SAC;109;CLE;95
27/12/2017;Regular;GSW;126;UTA;101
27/12/2017;Regular;LAL;99;MEM;109
28/12/2017;Regular;ORL;102;DET;89
28/12/2017;Regular;BOS;99;HOU;98
28/12/2017;Regular;MIL;102;MIN;96
28/12/2017;Regular;SAS;119;NYK;107
28/12/2017;Regular;POR;114;PHI;110
29/12/2017;Regular;WAS;121;HOU;103
29/12/2017;Regular;TOR;111;ATL;98
29/12/2017;Regular;CHI;119;IND;107
29/12/2017;Regular;MIA;87;BRK;111
29/12/2017;Regular;NOP;120;DAL;128
29/12/2017;Regular;OKC;95;MIL;97
29/12/2017;Regular;SAC;101;PHO;111
29/12/2017;Regular;GSW;100;CHO;111
29/12/2017;Regular;LAL;106;LAC;121
30/12/2017;Regular;DET;93;SAS;79
30/12/2017;Regular;NOP;103;NYK;105
30/12/2017;Regular;ORL;111;MIA;117
30/12/2017;Regular;ATL;104;POR;89
30/12/2017;Regular;UTA;104;CLE;101
30/12/2017;Regular;GSW;141;MEM;128
30/12/2017;Regular;DEN;102;PHI;107
31/12/2017;Regular;WAS;114;CHI;110
31/12/2017;Regular;IND;90;MIN;107
31/12/2017;Regular;BOS;108;BRK;105
31/12/2017;Regular;HOU;148;LAL;142
31/12/2017;Regular;LAC;106;CHO;98
31/12/2017;Regular;OKC;113;DAL;116
31/12/2017;Regular;SAC;96;MEM;114
31/12/2017;Regular;PHO;110;PHI;123
01/01/2018;Regular;BRK;98;ORL;95
01/01/2018;Regular;TOR;131;MIL;127
01/01/2018;Regular;CHI;120;POR;124
01/01/2018;Regular;MIN;114;LAL;96
02/01/2018;Regular;CLE;127;POR;110
02/01/2018;Regular;NYK;91;SAS;100
02/01/2018;Regular;PHO;104;ATL;103
02/01/2018;Regular;SAC;111;CHO;131
02/01/2018;Regular;LAC;113;MEM;105
03/01/2018;Regular;ORL;98;HOU;116
03/01/2018;Regular;PHI;112;SAS;106
03/01/2018;Regular;WAS;121;NYK;103
03/01/2018;Regular;BRK;98;MIN;97
03/01/2018;Regular;MIA;111;DET;104
03/01/2018;Regular;BOS;102;CLE;88
03/01/2018;Regular;CHI;115;TOR;124
03/01/2018;Regular;MIL;122;IND;101
03/01/2018;Regular;DAL;122;GSW;125
03/01/2018;Regular;DEN;134;PHO;111
03/01/2018;Regular;UTA;98;NOP;108
03/01/2018;Regular;LAL;96;OKC;133
04/01/2018;Regular;HOU;114;GSW;124
04/01/2018;Regular;LAC;117;OKC;127
05/01/2018;Regular;BOS;91;MIN;84
05/01/2018;Regular;PHI;114;DET;78
05/01/2018;Regular;MIA;107;NYK;103
05/01/2018;Regular;MIL;110;TOR;129
05/01/2018;Regular;DAL;124;CHI;127
05/01/2018;Regular;SAS;103;PHO;89
05/01/2018;Regular;DEN;99;UTA;91
05/01/2018;Regular;MEM;100;WAS;102
05/01/2018;Regular;POR;110;ATL;89
05/01/2018;Regular;LAL;94;CHO;108
06/01/2018;Regular;LAC;105;GSW;121
06/01/2018;Regular;BRK;85;BOS;87
06/01/2018;Regular;DET;108;HOU;101
06/01/2018;Regular;IND;125;CHI;86
06/01/2018;Regular;ORL;127;CLE;131
06/01/2018;Regular;WAS;103;MIL;110
06/01/2018;Regular;MIN;116;NOP;98
06/01/2018;Regular;SAC;106;DEN;98
07/01/2018;Regular;MIA;103;UTA;102
07/01/2018;Regular;DAL;96;NYK;100
07/01/2018;Regular;PHO;114;OKC;100
07/01/2018;Regular;POR;111;SAS;110
07/01/2018;Regular;LAL;132;ATL;113
08/01/2018;Regular;IND;109;MIL;96
08/01/2018;Regular;BRK;113;TOR;114
08/01/2018;Regular;CHI;107;HOU;116
08/01/2018;Regular;MIN;127;CLE;99
08/01/2018;Regular;NOP;112;DET;109
08/01/2018;Regular;SAC;100;SAS;107
08/01/2018;Regular;GSW;124;DEN;114
08/01/2018;Regular;LAC;108;ATL;107
09/01/2018;Regular;TOR;89;MIA;90
09/01/2018;Regular;OKC;106;POR;117
09/01/2018;Regular;DAL;114;ORL;99
09/01/2018;Regular;LAL;99;SAC;86
10/01/2018;Regular;CHO;111;DAL;115
10/01/2018;Regular;IND;106;MIA;114
10/01/2018;Regular;WAS;104;UTA;107
10/01/2018;Regular;BRK;80;DET;114
10/01/2018;Regular;NYK;119;CHI;122
10/01/2018;Regular;HOU;121;POR;112
10/01/2018;Regular;MEM;105;NOP;102
10/01/2018;Regular;MIL;110;ORL;103
10/01/2018;Regular;MIN;104;OKC;88
10/01/2018;Regular;DEN;97;ATL;110
10/01/2018;Regular;GSW;106;LAC;125
11/01/2018;Regular;PHI;103;BOS;114
11/01/2018;Regular;TOR;133;CLE;99
11/01/2018;Regular;SAC;115;LAC;121
11/01/2018;Regular;LAL;93;SAS;81
12/01/2018;Regular;CHO;99;UTA;88
12/01/2018;Regular;IND;97;CLE;95
12/01/2018;Regular;WAS;125;ORL;119
12/01/2018;Regular;ATL;105;BRK;110
12/01/2018;Regular;MIL;94;GSW;108
12/01/2018;Regular;MIN;118;NYK;108
12/01/2018;Regular;NOP;119;POR;113
12/01/2018;Regular;DEN;87;MEM;78
12/01/2018;Regular;PHO;95;HOU;112
13/01/2018;Regular;DAL;101;LAL;107
13/01/2018;Regular;LAC;126;SAC;105
13/01/2018;Regular;CHO;91;OKC;101
13/01/2018;Regular;WAS;119;BRK;113
13/01/2018;Regular;TOR;125;GSW;127
13/01/2018;Regular;CHI;107;DET;105
13/01/2018;Regular;SAS;112;DEN;80
14/01/2018;Regular;MIA;97;MIL;79
14/01/2018;Regular;NYK;118;NOP;123
14/01/2018;Regular;PHO;97;IND;120
14/01/2018;Regular;MIN;120;POR;103
15/01/2018;Regular;DET;107;CHO;118
15/01/2018;Regular;PHI;117;TOR;111
15/01/2018;Regular;WAS;95;MIL;104
15/01/2018;Regular;ATL;102;SAS;99
15/01/2018;Regular;BRK;104;NYK;119
15/01/2018;Regular;CHI;119;MIA;111
15/01/2018;Regular;MEM;123;LAL;114
15/01/2018;Regular;CLE;108;GSW;118
15/01/2018;Regular;OKC;95;SAC;88
15/01/2018;Regular;UTA;94;IND;109
15/01/2018;Regular;LAC;113;HOU;102
16/01/2018;Regular;ORL;108;MIN;102
16/01/2018;Regular;BOS;113;NOP;116
16/01/2018;Regular;DEN;105;DAL;102
16/01/2018;Regular;POR;118;PHO;111
17/01/2018;Regular;CHO;133;WAS;109
17/01/2018;Regular;ATL;94;NOP;93
17/01/2018;Regular;BRK;95;SAS;100
17/01/2018;Regular;TOR;96;DET;91
17/01/2018;Regular;CHI;112;GSW;119
17/01/2018;Regular;MEM;105;NYK;99
17/01/2018;Regular;MIL;101;MIA;106
17/01/2018;Regular;OKC;114;LAL;90
17/01/2018;Regular;SAC;105;UTA;120
17/01/2018;Regular;LAC;109;DEN;104
18/01/2018;Regular;BOS;80;PHI;89
18/01/2018;Regular;CLE;104;ORL;103
18/01/2018;Regular;HOU;116;MIN;98
18/01/2018;Regular;POR;100;IND;86
19/01/2018;Regular;TOR;86;SAS;83
19/01/2018;Regular;BRK;101;MIA;95
19/01/2018;Regular;DET;112;WAS;122
19/01/2018;Regular;MEM;106;SAC;88
19/01/2018;Regular;DEN;100;PHO;108
19/01/2018;Regular;LAL;99;IND;86
19/01/2018;Regular;UTA;115;NYK;117
20/01/2018;Regular;CLE;124;OKC;148
20/01/2018;Regular;ATL;97;CHI;113
20/01/2018;Regular;CHO;105;MIA;106
20/01/2018;Regular;NOP;111;MEM;104
20/01/2018;Regular;PHI;116;MIL;94
20/01/2018;Regular;HOU;116;GSW;108
20/01/2018;Regular;MIN;115;TOR;109
20/01/2018;Regular;UTA;125;LAC;113
20/01/2018;Regular;POR;117;DAL;108
21/01/2018;Regular;BOS;95;ORL;103
21/01/2018;Regular;LAL;127;NYK;107
21/01/2018;Regular;DET;100;BRK;101
21/01/2018;Regular;SAS;86;IND;94
22/01/2018;Regular;CHO;112;SAC;107
22/01/2018;Regular;ATL;104;UTA;90
22/01/2018;Regular;HOU;99;MIA;90
22/01/2018;Regular;MEM;105;PHI;101
22/01/2018;Regular;MIL;109;PHO;105
22/01/2018;Regular;NOP;132;CHI;128
22/01/2018;Regular;DAL;98;WAS;75
22/01/2018;Regular;DEN;104;POR;101
22/01/2018;Regular;LAC;118;MIN;126
23/01/2018;Regular;ORL;99;SAC;105
23/01/2018;Regular;OKC;109;BRK;108
23/01/2018;Regular;SAS;114;CLE;102
23/01/2018;Regular;GSW;123;NYK;112
23/01/2018;Regular;LAL;108;BOS;107
24/01/2018;Regular;CHO;96;NOP;101
24/01/2018;Regular;DET;95;UTA;98
24/01/2018;Regular;IND;116;PHO;101
24/01/2018;Regular;PHI;115;CHI;101
24/01/2018;Regular;ATL;93;TOR;108
24/01/2018;Regular;DAL;97;HOU;104
24/01/2018;Regular;MEM;85;SAS;108
24/01/2018;Regular;POR;123;MIN;114
24/01/2018;Regular;LAC;102;BOS;113
25/01/2018;Regular;MIA;88;SAC;89
25/01/2018;Regular;OKC;121;WAS;112
25/01/2018;Regular;DEN;130;NYK;118
25/01/2018;Regular;GSW;126;MIN;113
26/01/2018;Regular;CHO;121;ATL;110
26/01/2018;Regular;CLE;115;IND;108
26/01/2018;Regular;TOR;93;UTA;97
26/01/2018;Regular;CHI;103;LAL;108
26/01/2018;Regular;MEM;100;LAC;109
26/01/2018;Regular;MIL;116;BRK;91
26/01/2018;Regular;NOP;115;HOU;113
26/01/2018;Regular;DAL;93;POR;107
26/01/2018;Regular;SAS;78;PHI;97
26/01/2018;Regular;PHO;85;NYK;107
27/01/2018;Regular;DET;108;OKC;121
27/01/2018;Regular;IND;114;ORL;112
27/01/2018;Regular;ATL;104;WAS;129
27/01/2018;Regular;MIA;95;CHO;91
27/01/2018;Regular;GSW;109;BOS;105
27/01/2018;Regular;DEN;91;DAL;89
27/01/2018;Regular;MIN;111;BRK;97
28/01/2018;Regular;CHI;96;MIL;110
28/01/2018;Regular;HOU;113;PHO;102
28/01/2018;Regular;NOP;103;LAC;112
28/01/2018;Regular;CLE;121;DET;104
28/01/2018;Regular;OKC;122;PHI;112
28/01/2018;Regular;TOR;123;LAL;111
28/01/2018;Regular;SAS;113;SAC;98
29/01/2018;Regular;IND;105;CHO;96
29/01/2018;Regular;ATL;105;MIN;100
29/01/2018;Regular;MEM;120;PHO;109
29/01/2018;Regular;MIL;107;PHI;95
29/01/2018;Regular;DAL;88;MIA;95
29/01/2018;Regular;DEN;110;BOS;111
30/01/2018;Regular;WAS;102;OKC;96
30/01/2018;Regular;NYK;111;BRK;95
30/01/2018;Regular;TOR;109;MIN;104
30/01/2018;Regular;DET;125;CLE;114
30/01/2018;Regular;HOU;114;ORL;107
30/01/2018;Regular;NOP;103;SAC;114
30/01/2018;Regular;SAS;106;DEN;104
30/01/2018;Regular;UTA;129;GSW;99
30/01/2018;Regular;LAC;96;POR;104
31/01/2018;Regular;IND;105;MEM;101
31/01/2018;Regular;ORL;127;LAL;105
31/01/2018;Regular;ATL;110;CHO;123
31/01/2018;Regular;BRK;116;PHI;108
31/01/2018;Regular;CLE;91;MIA;89
31/01/2018;Regular;BOS;103;NYK;73
31/01/2018;Regular;POR;124;CHI;108
31/01/2018;Regular;PHO;102;DAL;88
01/02/2018;Regular;DET;104;MEM;102
01/02/2018;Regular;WAS;122;TOR;119
01/02/2018;Regular;MIN;108;MIL;89
01/02/2018;Regular;SAS;91;HOU;102
01/02/2018;Regular;DEN;127;OKC;124
02/02/2018;Regular;CHO;133;IND;126
02/02/2018;Regular;BOS;119;ATL;110
02/02/2018;Regular;BRK;99;LAL;102
02/02/2018;Regular;TOR;130;POR;105
02/02/2018;Regular;MIL;92;NYK;90
02/02/2018;Regular;PHI;103;MIA;97
02/02/2018;Regular;OKC;100;NOP;114
02/02/2018;Regular;PHO;97;UTA;129
02/02/2018;Regular;SAC;104;GSW;119
03/02/2018;Regular;LAC;113;CHI;103
03/02/2018;Regular;DET;111;MIA;107
03/02/2018;Regular;IND;100;PHI;92
03/02/2018;Regular;ORL;98;WAS;115
03/02/2018;Regular;CLE;88;HOU;120
03/02/2018;Regular;DEN;115;GSW;108
03/02/2018;Regular;MIN;118;NOP;107
03/02/2018;Regular;SAS;111;UTA;120
03/02/2018;Regular;SAC;99;DAL;106
04/02/2018;Regular;BOS;97;POR;96
04/02/2018;Regular;BRK;94;MIL;109
04/02/2018;Regular;NYK;96;ATL;99
04/02/2018;Regular;TOR;101;MEM;86
04/02/2018;Regular;OKC;104;LAL;108
04/02/2018;Regular;PHO;110;CHO;115
05/02/2018;Regular;DET;111;POR;91
05/02/2018;Regular;IND;102;WAS;111
05/02/2018;Regular;MIA;109;ORL;111
05/02/2018;Regular;NOP;109;UTA;133
05/02/2018;Regular;DEN;121;CHO;104
05/02/2018;Regular;SAC;104;CHI;98
05/02/2018;Regular;LAC;104;DAL;101
06/02/2018;Regular;ORL;116;CLE;98
06/02/2018;Regular;ATL;108;MEM;82
06/02/2018;Regular;BRK;113;HOU;123
06/02/2018;Regular;NYK;89;MIL;103
06/02/2018;Regular;TOR;111;BOS;91
06/02/2018;Regular;PHI;115;WAS;102
06/02/2018;Regular;GSW;105;OKC;125
06/02/2018;Regular;LAL;112;PHO;93
07/02/2018;Regular;DET;115;BRK;106
07/02/2018;Regular;MIA;101;HOU;109
07/02/2018;Regular;CLE;140;MIN;138
07/02/2018;Regular;MEM;88;UTA;92
07/02/2018;Regular;PHO;81;SAS;129
08/02/2018;Regular;ORL;100;ATL;98
08/02/2018;Regular;TOR;113;NYK;88
08/02/2018;Regular;WAS;104;BOS;110
08/02/2018;Regular;POR;109;CHO;103
08/02/2018;Regular;GSW;121;DAL;103
08/02/2018;Regular;LAL;106;OKC;81
09/02/2018;Regular;DET;95;LAC;108
09/02/2018;Regular;PHI;100;NOP;82
09/02/2018;Regular;ATL;107;CLE;123
09/02/2018;Regular;BOS;91;IND;97
09/02/2018;Regular;HOU;130;DEN;104
09/02/2018;Regular;MIA;91;MIL;85
09/02/2018;Regular;UTA;106;CHO;94
09/02/2018;Regular;CHI;114;MIN;113
09/02/2018;Regular;SAC;100;POR;118
10/02/2018;Regular;BRK;128;NOP;138
10/02/2018;Regular;ORL;104;MIL;111
10/02/2018;Regular;PHI;112;LAC;98
10/02/2018;Regular;CHI;90;WAS;101
10/02/2018;Regular;DAL;130;LAL;123
10/02/2018;Regular;GSW;122;SAS;105
10/02/2018;Regular;PHO;113;DEN;123
11/02/2018;Regular;CHO;103;TOR;123
11/02/2018;Regular;ATL;118;DET;115
11/02/2018;Regular;BOS;99;CLE;121
11/02/2018;Regular;IND;121;NYK;113
11/02/2018;Regular;HOU;104;DAL;97
11/02/2018;Regular;MIN;111;SAC;106
11/02/2018;Regular;OKC;110;MEM;92
11/02/2018;Regular;POR;96;UTA;115
12/02/2018;Regular;DET;103;NOP;118
12/02/2018;Regular;PHI;108;NYK;92
12/02/2018;Regular;BRK;101;LAC;114
12/02/2018;Regular;CHI;105;ORL;101
12/02/2018;Regular;UTA;101;SAS;99
12/02/2018;Regular;GSW;129;PHO;83
13/02/2018;Regular;TOR;115;MIA;112
13/02/2018;Regular;MIL;97;ATL;92
13/02/2018;Regular;MIN;108;HOU;126
13/02/2018;Regular;OKC;112;CLE;120
13/02/2018;Regular;DAL;109;SAC;114
13/02/2018;Regular;DEN;117;SAS;109
14/02/2018;Regular;DET;104;ATL;98
14/02/2018;Regular;ORL;102;CHO;104
14/02/2018;Regular;PHI;104;MIA;102
14/02/2018;Regular;BRK;103;IND;108
14/02/2018;Regular;NYK;113;WAS;118
14/02/2018;Regular;BOS;119;LAC;129
14/02/2018;Regular;CHI;98;TOR;122
14/02/2018;Regular;HOU;100;SAC;91
14/02/2018;Regular;MEM;114;OKC;121
14/02/2018;Regular;NOP;139;LAL;117
14/02/2018;Regular;UTA;107;PHO;97
14/02/2018;Regular;POR;123;GSW;117
15/02/2018;Regular;MIL;123;DEN;134
15/02/2018;Regular;MIN;119;LAL;111
22/02/2018;Regular;CHO;111;BRK;96
22/02/2018;Regular;ORL;113;NYK;120
22/02/2018;Regular;CHI;115;PHI;116
22/02/2018;Regular;CLE;103;WAS;110
22/02/2018;Regular;SAC;107;OKC;110
22/02/2018;Regular;GSW;134;LAC;127
23/02/2018;Regular;DET;98;BOS;110
23/02/2018;Regular;IND;116;ATL;93
23/02/2018;Regular;WAS;105;CHO;122
23/02/2018;Regular;TOR;119;MIL;122
23/02/2018;Regular;HOU;120;MIN;102
23/02/2018;Regular;MEM;89;CLE;112
23/02/2018;Regular;NOP;124;MIA;123
23/02/2018;Regular;DEN;122;SAS;119
23/02/2018;Regular;PHO;117;LAC;128
23/02/2018;Regular;UTA;81;POR;100
23/02/2018;Regular;LAL;124;DAL;102
24/02/2018;Regular;PHI;116;ORL;105
24/02/2018;Regular;MIA;115;MEM;89
24/02/2018;Regular;NYK;112;BOS;121
24/02/2018;Regular;GSW;112;OKC;80
24/02/2018;Regular;MIN;122;CHI;104
24/02/2018;Regular;PHO;104;POR;106
24/02/2018;Regular;UTA;97;DAL;90
24/02/2018;Regular;SAC;108;LAL;113
25/02/2018;Regular;CHO;114;DET;98
25/02/2018;Regular;MIL;121;NOP;123
25/02/2018;Regular;CLE;94;SAS;110
25/02/2018;Regular;DEN;114;HOU;119
25/02/2018;Regular;WAS;109;PHI;94
26/02/2018;Regular;ATL;104;LAL;123
26/02/2018;Regular;BOS;109;MEM;98
26/02/2018;Regular;BRK;104;CHI;87
26/02/2018;Regular;NYK;111;GSW;125
26/02/2018;Regular;TOR;123;DET;94
26/02/2018;Regular;NOP;125;PHO;116
26/02/2018;Regular;OKC;112;ORL;105
26/02/2018;Regular;DAL;109;IND;103
26/02/2018;Regular;UTA;85;HOU;96
26/02/2018;Regular;SAC;100;MIN;118
27/02/2018;Regular;CHO;118;CHI;103
27/02/2018;Regular;CLE;129;BRK;123
27/02/2018;Regular;MIA;102;PHI;101
27/02/2018;Regular;MIL;104;WAS;107
27/02/2018;Regular;POR;116;SAC;99
27/02/2018;Regular;DEN;120;LAC;122
28/02/2018;Regular;DET;110;MIL;87
28/02/2018;Regular;ORL;104;TOR;117
28/02/2018;Regular;ATL;107;IND;102
28/02/2018;Regular;BOS;134;CHO;106
28/02/2018;Regular;MEM;102;PHO;110
28/02/2018;Regular;WAS;101;GSW;109
28/02/2018;Regular;DAL;110;OKC;111
28/02/2018;Regular;SAS;116;NOP;121
28/02/2018;Regular;LAC;92;HOU;105
01/03/2018;Regular;MIA;113;LAL;131
01/03/2018;Regular;CLE;97;PHI;108
01/03/2018;Regular;SAC;116;BRK;111
01/03/2018;Regular;POR;108;MIN;99
02/03/2018;Regular;ORL;115;DET;106
02/03/2018;Regular;PHI;110;CHO;99
02/03/2018;Regular;ATL;109;GSW;114
02/03/2018;Regular;CHI;108;DAL;100
02/03/2018;Regular;MEM;102;DEN;108
02/03/2018;Regular;MIL;96;IND;103
02/03/2018;Regular;WAS;95;TOR;102
02/03/2018;Regular;PHO;116;OKC;124
02/03/2018;Regular;LAC;128;NYK;105
02/03/2018;Regular;UTA;116;MIN;108
03/03/2018;Regular;ORL;107;MEM;100
03/03/2018;Regular;CLE;117;DEN;126
03/03/2018;Regular;MIA;105;DET;96
03/03/2018;Regular;HOU;123;BOS;120
03/03/2018;Regular;SAS;112;LAL;116
03/03/2018;Regular;POR;108;OKC;100
03/03/2018;Regular;SAC;91;UTA;98
04/03/2018;Regular;ATL;113;PHO;112
04/03/2018;Regular;TOR;103;CHO;98
04/03/2018;Regular;WAS;95;IND;98
04/03/2018;Regular;DAL;109;NOP;126
04/03/2018;Regular;MIL;118;PHI;110
04/03/2018;Regular;LAC;123;BRK;120
04/03/2018;Regular;SAC;102;NYK;99
05/03/2018;Regular;CLE;112;DET;90
05/03/2018;Regular;IND;92;MIL;89
05/03/2018;Regular;MIA;125;PHO;103
05/03/2018;Regular;CHI;89;BOS;105
05/03/2018;Regular;SAS;100;MEM;98
05/03/2018;Regular;UTA;94;ORL;80
05/03/2018;Regular;LAL;103;POR;108
06/03/2018;Regular;CHO;114;PHI;128
06/03/2018;Regular;TOR;106;ATL;90
06/03/2018;Regular;WAS;117;MIA;113
06/03/2018;Regular;OKC;112;HOU;122
06/03/2018;Regular;DAL;118;DEN;107
06/03/2018;Regular;POR;111;NYK;87
06/03/2018;Regular;GSW;114;BRK;101
06/03/2018;Regular;LAC;116;NOP;121
07/03/2018;Regular;IND;84;UTA;104
07/03/2018;Regular;CHI;119;MEM;110
07/03/2018;Regular;DET;119;TOR;121
07/03/2018;Regular;MIL;99;HOU;110
07/03/2018;Regular;SAC;101;NOP;114
07/03/2018;Regular;DEN;108;CLE;113
07/03/2018;Regular;LAL;108;ORL;107
08/03/2018;Regular;CHO;111;BRK;125
08/03/2018;Regular;MIA;108;PHI;99
08/03/2018;Regular;MIN;109;BOS;117
08/03/2018;Regular;OKC;115;PHO;87
08/03/2018;Regular;GSW;110;SAS;107
09/03/2018;Regular;DET;99;CHI;83
09/03/2018;Regular;IND;112;ATL;87
09/03/2018;Regular;TOR;108;HOU;105
09/03/2018;Regular;MEM;78;UTA;95
09/03/2018;Regular;MIL;120;NYK;112
09/03/2018;Regular;NOP;97;WAS;116
09/03/2018;Regular;DEN;125;LAL;116
09/03/2018;Regular;POR;125;GSW;108
09/03/2018;Regular;SAC;94;ORL;88
09/03/2018;Regular;LAC;116;CLE;102
10/03/2018;Regular;CHO;122;PHO;115
10/03/2018;Regular;MIA;129;WAS;102
10/03/2018;Regular;DAL;114;MEM;80
10/03/2018;Regular;OKC;104;SAS;94
10/03/2018;Regular;LAC;113;ORL;105
11/03/2018;Regular;NYK;106;TOR;132
11/03/2018;Regular;ATL;122;CHI;129
11/03/2018;Regular;MIN;109;GSW;103
11/03/2018;Regular;NOP;99;UTA;116
11/03/2018;Regular;DEN;130;SAC;104
11/03/2018;Regular;DAL;82;HOU;105
11/03/2018;Regular;BOS;97;IND;99
11/03/2018;Regular;BRK;97;PHI;120
11/03/2018;Regular;LAL;127;CLE;113
12/03/2018;Regular;HOU;109;SAS;93
12/03/2018;Regular;MEM;103;MIL;121
12/03/2018;Regular;OKC;106;SAC;101
12/03/2018;Regular;POR;115;MIA;99
13/03/2018;Regular;PHI;98;IND;101
13/03/2018;Regular;WAS;111;MIN;116
13/03/2018;Regular;ATL;107;OKC;119
13/03/2018;Regular;BRK;102;TOR;116
13/03/2018;Regular;NYK;97;DAL;110
13/03/2018;Regular;CHI;106;LAC;112
13/03/2018;Regular;NOP;119;CHO;115
13/03/2018;Regular;SAS;108;ORL;72
13/03/2018;Regular;UTA;110;DET;79
13/03/2018;Regular;PHO;107;CLE;129
13/03/2018;Regular;LAL;112;DEN;103
14/03/2018;Regular;ORL;126;MIL;117
14/03/2018;Regular;BOS;124;WAS;125
14/03/2018;Regular;SAC;123;MIA;119
14/03/2018;Regular;GSW;117;LAL;106
15/03/2018;Regular;IND;99;TOR;106
15/03/2018;Regular;ATL;117;CHO;129
15/03/2018;Regular;NYK;110;PHI;118
15/03/2018;Regular;HOU;101;LAC;96
15/03/2018;Regular;MEM;110;CHI;111
15/03/2018;Regular;SAS;98;NOP;93
15/03/2018;Regular;DEN;120;DET;113
15/03/2018;Regular;UTA;116;PHO;88
15/03/2018;Regular;POR;113;CLE;105
16/03/2018;Regular;ORL;83;BOS;92
16/03/2018;Regular;PHI;120;BRK;116
16/03/2018;Regular;TOR;122;DAL;115
16/03/2018;Regular;OKC;121;LAC;113
16/03/2018;Regular;GSW;93;SAC;98
16/03/2018;Regular;LAL;91;MIA;92
17/03/2018;Regular;MIL;122;ATL;117
17/03/2018;Regular;NOP;101;HOU;107
17/03/2018;Regular;WAS;109;IND;102
17/03/2018;Regular;BRK;114;DAL;106
17/03/2018;Regular;NYK;124;CHO;101
17/03/2018;Regular;CHI;109;CLE;114
17/03/2018;Regular;MEM;101;DEN;94
17/03/2018;Regular;SAS;117;MIN;101
17/03/2018;Regular;UTA;103;SAC;97
17/03/2018;Regular;PHO;109;GSW;124
17/03/2018;Regular;POR;100;DET;87
18/03/2018;Regular;TOR;125;OKC;132
18/03/2018;Regular;NOP;108;BOS;89
18/03/2018;Regular;MIN;120;HOU;129
18/03/2018;Regular;LAC;109;POR;122
19/03/2018;Regular;CLE;124;MIL;117
19/03/2018;Regular;IND;110;LAL;100
19/03/2018;Regular;PHI;108;CHO;94
19/03/2018;Regular;BRK;118;MEM;115
19/03/2018;Regular;MIA;149;DEN;141
19/03/2018;Regular;NYK;110;CHI;92
19/03/2018;Regular;SAS;89;GSW;75
19/03/2018;Regular;SAC;90;DET;106
20/03/2018;Regular;ORL;86;TOR;93
20/03/2018;Regular;BOS;100;OKC;99
20/03/2018;Regular;MIN;123;LAC;109
20/03/2018;Regular;NOP;115;DAL;105
20/03/2018;Regular;UTA;94;ATL;99
20/03/2018;Regular;PHO;88;DET;115
20/03/2018;Regular;POR;111;HOU;115
21/03/2018;Regular;CLE;132;TOR;129
21/03/2018;Regular;PHI;119;MEM;105
21/03/2018;Regular;BRK;105;CHO;111
21/03/2018;Regular;MIA;119;NYK;98
21/03/2018;Regular;CHI;102;DEN;135
21/03/2018;Regular;MIL;120;LAC;127
21/03/2018;Regular;NOP;96;IND;92
21/03/2018;Regular;SAS;98;WAS;90
22/03/2018;Regular;CHO;140;MEM;79
22/03/2018;Regular;ORL;98;PHI;118
22/03/2018;Regular;HOU;100;DET;96
22/03/2018;Regular;NOP;128;LAL;125
22/03/2018;Regular;DAL;112;UTA;119
22/03/2018;Regular;SAC;105;ATL;90
23/03/2018;Regular;IND;109;LAC;104
23/03/2018;Regular;WAS;100;DEN;108
23/03/2018;Regular;CLE;120;PHO;95
23/03/2018;Regular;NYK;104;MIN;108
23/03/2018;Regular;TOR;116;BRK;112
23/03/2018;Regular;CHI;105;MIL;118
23/03/2018;Regular;OKC;105;MIA;99
23/03/2018;Regular;SAS;124;UTA;120
23/03/2018;Regular;POR;100;BOS;105
23/03/2018;Regular;GSW;106;ATL;94
24/03/2018;Regular;PHI;120;MIN;108
24/03/2018;Regular;DET;117;CHI;95
24/03/2018;Regular;ORL;105;PHO;99
24/03/2018;Regular;HOU;114;NOP;91
24/03/2018;Regular;MEM;93;LAL;100
24/03/2018;Regular;DAL;98;CHO;102
25/03/2018;Regular;BRK;114;CLE;121
25/03/2018;Regular;MIL;106;SAS;103
25/03/2018;Regular;IND;113;MIA;107
25/03/2018;Regular;SAC;93;BOS;104
25/03/2018;Regular;TOR;106;LAC;117
25/03/2018;Regular;WAS;97;NYK;101
25/03/2018;Regular;OKC;105;POR;108
25/03/2018;Regular;HOU;118;ATL;99
25/03/2018;Regular;GSW;91;UTA;110
26/03/2018;Regular;CHO;137;NYK;128
26/03/2018;Regular;DET;112;LAL;106
26/03/2018;Regular;PHI;123;DEN;104
26/03/2018;Regular;MIN;93;MEM;101
26/03/2018;Regular;PHO;94;BOS;102
27/03/2018;Regular;WAS;116;SAS;106
27/03/2018;Regular;TOR;114;DEN;110
27/03/2018;Regular;HOU;118;CHI;86
27/03/2018;Regular;MIA;98;CLE;79
27/03/2018;Regular;NOP;103;POR;107
27/03/2018;Regular;SAC;97;DAL;103
27/03/2018;Regular;GSW;81;IND;92
27/03/2018;Regular;LAC;105;MIL;98
28/03/2018;Regular;CHO;105;CLE;118
28/03/2018;Regular;ORL;104;BRK;111
28/03/2018;Regular;PHI;118;NYK;101
28/03/2018;Regular;MEM;108;POR;103
28/03/2018;Regular;MIN;126;ATL;114
28/03/2018;Regular;UTA;94;BOS;97
28/03/2018;Regular;PHO;99;LAC;111
28/03/2018;Regular;LAL;103;DAL;93
29/03/2018;Regular;DET;103;WAS;92
29/03/2018;Regular;MIA;103;CHI;92
29/03/2018;Regular;SAS;103;OKC;99
29/03/2018;Regular;SAC;103;IND;106
29/03/2018;Regular;GSW;107;MIL;116
30/03/2018;Regular;ORL;82;CHI;90
30/03/2018;Regular;ATL;91;PHI;101
30/03/2018;Regular;CLE;107;NOP;102
30/03/2018;Regular;HOU;104;PHO;103
30/03/2018;Regular;OKC;125;DEN;126
30/03/2018;Regular;DAL;92;MIN;93
30/03/2018;Regular;UTA;107;MEM;97
30/03/2018;Regular;LAL;122;MIL;124
30/03/2018;Regular;POR;105;LAC;96
31/03/2018;Regular;WAS;107;CHO;93
31/03/2018;Regular;NYK;109;DET;115
31/03/2018;Regular;BOS;110;TOR;99
31/03/2018;Regular;MIA;109;BRK;110
31/03/2018;Regular;SAC;96;GSW;112
01/04/2018;Regular;CHO;102;PHI;119
01/04/2018;Regular;CHI;113;WAS;94
01/04/2018;Regular;LAC;104;IND;111
01/04/2018;Regular;SAS;100;HOU;83
01/04/2018;Regular;ATL;94;ORL;88
01/04/2018;Regular;BRK;96;DET;108
01/04/2018;Regular;CLE;98;DAL;87
01/04/2018;Regular;NOP;104;OKC;109
01/04/2018;Regular;MIN;97;UTA;121
01/04/2018;Regular;DEN;128;MIL;125
01/04/2018;Regular;GSW;117;PHO;107
01/04/2018;Regular;POR;113;MEM;98
01/04/2018;Regular;LAL;83;SAC;84
03/04/2018;Regular;CLE;112;TOR;106
03/04/2018;Regular;PHI;121;BRK;95
03/04/2018;Regular;MIA;101;ATL;98
03/04/2018;Regular;NYK;73;ORL;97
03/04/2018;Regular;CHI;120;CHO;114
03/04/2018;Regular;HOU;120;WAS;104
03/04/2018;Regular;MIL;106;BOS;102
03/04/2018;Regular;OKC;107;GSW;111
03/04/2018;Regular;DAL;115;POR;109
03/04/2018;Regular;DEN;107;IND;104
03/04/2018;Regular;UTA;117;LAL;110
03/04/2018;Regular;PHO;97;SAC;94
03/04/2018;Regular;LAC;113;SAS;110
04/04/2018;Regular;DET;108;PHI;115
04/04/2018;Regular;ORL;105;DAL;100
04/04/2018;Regular;ATL;86;MIA;115
04/04/2018;Regular;NOP;123;MEM;95
04/04/2018;Regular;TOR;96;BOS;78
04/04/2018;Regular;LAL;122;SAS;112
05/04/2018;Regular;IND;126;GSW;106
05/04/2018;Regular;CLE;119;WAS;115
05/04/2018;Regular;HOU;96;POR;94
05/04/2018;Regular;MIL;111;BRK;119
05/04/2018;Regular;UTA;117;LAC;95
05/04/2018;Regular;DEN;100;MIN;96
06/04/2018;Regular;DET;113;DAL;106
06/04/2018;Regular;ORL;100;CHO;137
06/04/2018;Regular;PHI;132;CLE;130
06/04/2018;Regular;WAS;97;ATL;103
06/04/2018;Regular;BOS;111;CHI;104
06/04/2018;Regular;NYK;122;MIA;98
06/04/2018;Regular;TOR;92;IND;73
06/04/2018;Regular;MEM;93;SAC;94
06/04/2018;Regular;PHO;103;NOP;122
06/04/2018;Regular;LAL;96;MIN;113
07/04/2018;Regular;LAC;115;DEN;134
07/04/2018;Regular;NYK;102;MIL;115
07/04/2018;Regular;CHI;96;BRK;124
07/04/2018;Regular;GSW;120;NOP;126
07/04/2018;Regular;HOU;102;OKC;108
07/04/2018;Regular;SAS;116;POR;105
08/04/2018;Regular;BOS;106;ATL;112
08/04/2018;Regular;CHO;117;IND;123
08/04/2018;Regular;PHI;109;DAL;97
08/04/2018;Regular;MEM;130;DET;117
08/04/2018;Regular;LAL;97;UTA;112
08/04/2018;Regular;TOR;112;ORL;101
08/04/2018;Regular;PHO;100;GSW;117
09/04/2018;Regular;DET;98;TOR;108
09/04/2018;Regular;BRK;114;CHI;105
09/04/2018;Regular;MIA;93;OKC;115
09/04/2018;Regular;NYK;109;CLE;123
09/04/2018;Regular;MIL;102;ORL;86
09/04/2018;Regular;MIN;113;MEM;94
09/04/2018;Regular;SAS;98;SAC;85
09/04/2018;Regular;DEN;88;POR;82
09/04/2018;Regular;LAC;100;NOP;113
10/04/2018;Regular;IND;93;CHO;119
10/04/2018;Regular;ATL;113;PHI;121
10/04/2018;Regular;WAS;113;BOS;101
10/04/2018;Regular;DAL;97;PHO;124
10/04/2018;Regular;UTA;119;GSW;79
10/04/2018;Regular;LAL;99;HOU;105
11/04/2018;Regular;BOS;110;BRK;97
11/04/2018;Regular;CHI;87;DET;119
11/04/2018;Regular;CLE;98;NYK;110
11/04/2018;Regular;MIA;116;TOR;109
11/04/2018;Regular;MIN;112;DEN;106
11/04/2018;Regular;NOP;122;SAS;98
11/04/2018;Regular;OKC;137;MEM;123
11/04/2018;Regular;ORL;101;WAS;92
11/04/2018;Regular;PHI;130;MIL;95
11/04/2018;Regular;LAC;100;LAL;115
11/04/2018;Regular;POR;102;UTA;93
11/04/2018;Regular;SAC;96;HOU;83
14/04/2018;Playoffs;GSW;113;SAS;92
14/04/2018;Playoffs;TOR;114;WAS;106
14/04/2018;Playoffs;PHI;130;MIA;103
14/04/2018;Playoffs;POR;95;NOP;97
15/04/2018;Playoffs;BOS;113;MIL;107
15/04/2018;Playoffs;CLE;80;IND;98
15/04/2018;Playoffs;OKC;116;UTA;108
15/04/2018;Playoffs;HOU;104;MIN;101
16/04/2018;Playoffs;PHI;103;MIA;113
16/04/2018;Playoffs;GSW;116;SAS;101
17/04/2018;Playoffs;TOR;130;WAS;119
17/04/2018;Playoffs;BOS;120;MIL;106
17/04/2018;Playoffs;POR;102;NOP;111
18/04/2018;Playoffs;CLE;100;IND;97
18/04/2018;Playoffs;OKC;95;UTA;102
18/04/2018;Playoffs;HOU;102;MIN;82
19/04/2018;Playoffs;MIA;108;PHI;128
19/04/2018;Playoffs;NOP;119;POR;102
19/04/2018;Playoffs;SAS;97;GSW;110
20/04/2018;Playoffs;IND;92;CLE;90
20/04/2018;Playoffs;WAS;122;TOR;103
20/04/2018;Playoffs;MIL;116;BOS;92
21/04/2018;Playoffs;MIA;102;PHI;106
21/04/2018;Playoffs;NOP;131;POR;123
21/04/2018;Playoffs;MIN;121;HOU;105
21/04/2018;Playoffs;UTA;115;OKC;102
22/04/2018;Playoffs;MIL;104;BOS;102
22/04/2018;Playoffs;SAS;103;GSW;90
22/04/2018;Playoffs;WAS;106;TOR;98
22/04/2018;Playoffs;IND;100;CLE;104
23/04/2018;Playoffs;MIN;100;HOU;119
23/04/2018;Playoffs;UTA;113;OKC;96
24/04/2018;Playoffs;BOS;92;MIL;87
24/04/2018;Playoffs;PHI;104;MIA;91
24/04/2018;Playoffs;GSW;99;SAS;91
25/04/2018;Playoffs;CLE;98;IND;95
25/04/2018;Playoffs;TOR;108;WAS;98
25/04/2018;Playoffs;HOU;122;MIN;104
25/04/2018;Playoffs;OKC;107;UTA;99
26/04/2018;Playoffs;MIL;97;BOS;86
27/04/2018;Playoffs;WAS;92;TOR;102
27/04/2018;Playoffs;IND;121;CLE;87
27/04/2018;Playoffs;UTA;96;OKC;91
28/04/2018;Playoffs;BOS;112;MIL;96
28/04/2018;Playoffs;GSW;123;NOP;101
29/04/2018;Playoffs;CLE;105;IND;101
29/04/2018;Playoffs;HOU;110;UTA;96
30/04/2018;Playoffs;BOS;117;PHI;101
01/05/2018;Playoffs;TOR;112;CLE;113
01/05/2018;Playoffs;GSW;121;NOP;116
02/05/2018;Playoffs;HOU;108;UTA;116
03/05/2018;Playoffs;TOR;110;CLE;128
03/05/2018;Playoffs;BOS;108;PHI;103
04/05/2018;Playoffs;NOP;119;GSW;100
04/05/2018;Playoffs;UTA;92;HOU;113
05/05/2018;Playoffs;PHI;98;BOS;101
05/05/2018;Playoffs;CLE;105;TOR;103
06/05/2018;Playoffs;NOP;92;GSW;118
06/05/2018;Playoffs;UTA;87;HOU;100
07/05/2018;Playoffs;PHI;103;BOS;92
07/05/2018;Playoffs;CLE;128;TOR;93
08/05/2018;Playoffs;HOU;112;UTA;102
08/05/2018;Playoffs;GSW;113;NOP;104
09/05/2018;Playoffs;BOS;114;PHI;112
13/05/2018;Playoffs;BOS;108;CLE;83
14/05/2018;Playoffs;HOU;106;GSW;119
15/05/2018;Playoffs;BOS;107;CLE;94
16/05/2018;Playoffs;HOU;127;GSW;105
19/05/2018;Playoffs;CLE;116;BOS;86
20/05/2018;Playoffs;GSW;126;HOU;85
21/05/2018;Playoffs;CLE;111;BOS;102
22/05/2018;Playoffs;GSW;92;HOU;95
23/05/2018;Playoffs;BOS;96;CLE;83
24/05/2018;Playoffs;HOU;98;GSW;94
25/05/2018;Playoffs;CLE;109;BOS;99
26/05/2018;Playoffs;GSW;115;HOU;86
27/05/2018;Playoffs;BOS;79;CLE;87
28/05/2018;Playoffs;HOU;92;GSW;101
31/05/2018;Playoffs;GSW;124;CLE;114
03/06/2018;Playoffs;GSW;122;CLE;103
06/06/2018;Playoffs;CLE;102;GSW;110
08/06/2018;Playoffs;CLE;85;GSW;108
